{"tokens":{"2c":[[9333,5,8],[26355,2,64],[26356,2,64],[26358,2,64],[26359,2,64],[26377,2,64],[26379,2,64],[26380,2,64],[26381,2,64],[26399,2,64],[26401,2,64],[26402,2,64],[26403,2,64],[26421,2,64],[26422,2,64],[26423,2,64],[26425,2,64],[26444,2,64],[26445,2,64],[26446,2,64],[26447,2,64],[26465,2,64],[26467,2,64],[26468,2,64],[26469,2,64],[26488,2,64],[26489,2,64],[26490,2,64],[26491,2,64],[26539,2,64],[26540,2,64],[26541,2,64],[26543,2,64],[26560,2,64],[26561,2,64],[26562,2,64],[26563,2,64],[26575,2,64],[26576,2,64],[26577,2,64],[26578,2,64],[26612,2,64],[26613,2,64],[26614,2,64],[26615,2,64],[26635,2,64],[26636,2,64],[26637,2,64],[26639,2,64],[26657,2,64],[26658,2,64],[26659,2,64],[26660,2,64],[26680,2,64],[26681,2,64],[26682,2,64],[26683,2,64],[26702,2,64],[26703,2,64],[26705,2,64],[26706,2,64],[26740,2,64],[26741,2,64],[26744,2,64],[26745,2,64],[26771,2,64],[26772,2,64],[26773,2,64],[26774,2,64],[26801,2,64],[26802,2,64],[26804,2,64],[26805,2,64],[26831,2,64],[26832,2,64],[26833,2,64],[26834,2,64],[26861,2,64],[26863,2,64],[26864,2,64],[26865,2,64],[26890,2,64],[26892,2,64],[26893,2,64],[26894,2,64],[26920,2,64],[26921,2,64],[26922,2,64],[26923,2,64],[26950,2,64],[26951,2,64],[26952,2,64],[26953,2,64],[26967,2,64],[26968,2,64],[26969,2,64],[26970,2,64],[26982,2,64],[26983,2,64],[26984,2,64],[26986,2,64],[37206,2,64],[37207,2,64],[37208,2,64],[37209,2,64],[37514,2,64],[37515,2,64],[37516,2,64],[37517,2,64]],"2c-0.000013":[[11734,2,64],[34349,2,64]],"2c-0.000014":[[35800,2,64],[35808,2,64]],"2c-1.468600":[[34363,2,64]],"2c-1.486750":[[34330,2,64]],"2c-1.502200":[[601,2,64]],"2c-1.502250":[[12992,2,64]],"2c-1.530850":[[30959,2,64]],"2c-1.536700":[[34382,2,64]],"2c-1.540350":[[34372,2,64]],"2c10":[[34372,2,64]],"2c10.92":[[30959,2,64]],"2c11":[[601,2,64],[12992,2,64],[34330,2,64],[34363,2,64],[34382,2,64]],"2c11.33":[[11734,2,64]],"2c137216":[[10054,2,64],[10481,2,64]],"2c139264":[[10054,2,64],[10481,2,64]],"2c14.95":[[34349,2,64]],"2c16.69":[[35808,2,64]],"2c16.79":[[35800,2,64]],"2c208827.253075841":[[29460,2,64]],"2c209247.552766306":[[29467,2,64]],"2c210048.933373493":[[29475,2,64]],"2c228144.813481694":[[29469,2,64],[29472,2,64],[29478,2,64],[29481,2,64],[29484,2,64],[29487,2,64],[29490,2,64],[29493,2,64],[29496,2,64],[29499,2,64],[29502,2,64],[29505,2,64],[29508,2,64],[29511,2,64]],"2c286720":[[10054,2,64],[10481,2,64]],"2c314898.070620154":[[29469,2,64],[29472,2,64],[29478,2,64],[29481,2,64],[29484,2,64],[29487,2,64],[29490,2,64],[29493,2,64],[29496,2,64],[29499,2,64],[29502,2,64],[29505,2,64],[29508,2,64],[29511,2,64]],"2c319515.518889336":[[29467,2,64]],"2c327564.604862443":[[29475,2,64]],"2c328534.607202161":[[29460,2,64]],"2c330262.399230419":[[29475,2,64]],"2c331695.258928813":[[29467,2,64]],"2c333525.068848858":[[29460,2,64]],"2c334022.66653137":[[29469,2,64],[29472,2,64],[29478,2,64],[29481,2,64],[29484,2,64],[29487,2,64],[29490,2,64],[29493,2,64],[29496,2,64],[29499,2,64],[29502,2,64],[29505,2,64],[29508,2,64],[29511,2,64]],"2c38edfc12ad4fce9e9c94fe0a436900":[[21626,2,64],[21627,2,64],[21628,2,64],[21629,2,64]],"2c62fc06d99f4e6e80d9c4d2d014d9d2":[[39592,2,64],[39593,2,64],[39594,2,64],[39595,2,64]],"2c77d8dcb5524f44a33a0f925b1f4877":[[18226,2,64],[18227,2,64],[18228,2,64],[18229,2,64]],"2c8a3c2bac514752ae2e9066ca5d8b52":[[29860,2,64],[29861,2,64],[29862,2,64],[29863,2,64],[29864,2,64],[29865,2,64],[29866,2,64],[29867,2,64],[29868,2,64]],"2c8d1e9501504d8881d2c16cede46d80":[[28945,2,64],[28946,2,64],[28947,2,64],[28948,2,64]],"2cbb55663abd4490a5cfb100dfa300e6":[[7231,2,64],[7232,2,64],[7233,2,64],[7234,2,64],[7235,2,64],[7236,2,64],[7237,2,64],[7238,2,64],[7239,2,64]],"2ced9a3a2462432a92c31226e3cd3aa5":[[26026,2,64],[26027,2,64],[26028,2,64],[26029,2,64],[26030,2,64],[26031,2,64],[26032,2,64],[26033,2,64],[26034,2,64]]}}
