{"tokens":{"2c":[[40643,5,8],[31777,2,64],[31778,2,64],[31779,2,64],[31780,2,64],[31790,2,64],[31791,2,64],[31792,2,64],[31793,2,64],[31830,2,64],[31831,2,64],[31832,2,64],[31834,2,64],[31836,2,64],[31837,2,64],[31839,2,64],[31840,2,64],[31842,2,64],[31843,2,64],[31844,2,64],[31845,2,64],[31848,2,64],[31849,2,64],[31852,2,64],[31854,2,64],[31857,2,64],[31858,2,64],[31859,2,64],[31861,2,64],[31863,2,64],[31865,2,64],[31866,2,64],[31867,2,64],[31869,2,64],[31870,2,64],[31871,2,64],[31873,2,64],[31875,2,64],[31877,2,64],[31878,2,64],[31879,2,64],[31881,2,64],[31883,2,64],[31884,2,64],[31885,2,64],[31887,2,64],[31888,2,64],[31890,2,64],[31891,2,64],[31894,2,64],[31896,2,64],[31897,2,64],[31898,2,64],[31900,2,64],[31902,2,64],[31903,2,64],[31905,2,64],[31907,2,64],[31908,2,64],[31910,2,64],[31911,2,64],[31913,2,64],[31914,2,64],[31916,2,64],[31917,2,64],[31919,2,64],[31921,2,64],[31923,2,64],[31924,2,64],[31927,2,64],[31928,2,64],[31929,2,64],[31930,2,64],[31933,2,64],[31934,2,64],[31936,2,64],[31937,2,64],[31939,2,64],[31941,2,64],[31942,2,64],[31943,2,64],[31947,2,64],[31948,2,64],[31949,2,64],[31950,2,64],[31952,2,64],[31954,2,64],[31956,2,64],[31957,2,64],[31959,2,64],[31960,2,64],[31961,2,64],[31963,2,64],[31965,2,64],[31966,2,64],[31968,2,64],[31969,2,64],[31971,2,64],[31973,2,64],[31974,2,64],[31975,2,64],[31977,2,64],[31978,2,64],[31980,2,64],[31981,2,64],[31984,2,64],[31986,2,64],[31988,2,64],[31989,2,64]],"2c-0.000013":[[31378,2,64],[31477,2,64]],"2c-0.000014":[[31390,2,64],[31398,2,64]],"2c-1.468600":[[1669,2,64]],"2c-1.486750":[[1905,2,64]],"2c-1.502200":[[1663,2,64]],"2c-1.502250":[[1910,2,64]],"2c-1.530850":[[15469,2,64]],"2c-1.536700":[[1924,2,64]],"2c-1.540350":[[4485,2,64]],"2c10":[[4485,2,64]],"2c10.92":[[15469,2,64]],"2c11":[[1663,2,64],[1669,2,64],[1905,2,64],[1910,2,64],[1924,2,64]],"2c11.33":[[31378,2,64]],"2c137216":[[32462,2,64],[32464,2,64]],"2c139264":[[32462,2,64],[32464,2,64]],"2c14.95":[[31477,2,64]],"2c16.69":[[31390,2,64]],"2c16.79":[[31398,2,64]],"2c208827.253075841":[[32175,2,64]],"2c209247.552766306":[[32178,2,64]],"2c210048.933373493":[[31629,2,64]],"2c228144.813481694":[[31589,2,64],[31593,2,64],[31596,2,64],[31599,2,64],[31602,2,64],[31605,2,64],[31608,2,64],[31611,2,64],[31614,2,64],[31617,2,64],[31620,2,64],[31623,2,64],[31626,2,64],[32172,2,64]],"2c286720":[[32462,2,64],[32464,2,64]],"2c314898.070620154":[[31589,2,64],[31593,2,64],[31596,2,64],[31599,2,64],[31602,2,64],[31605,2,64],[31608,2,64],[31611,2,64],[31614,2,64],[31617,2,64],[31620,2,64],[31623,2,64],[31626,2,64],[32172,2,64]],"2c319515.518889336":[[32178,2,64]],"2c327564.604862443":[[31629,2,64]],"2c328534.607202161":[[32175,2,64]],"2c330262.399230419":[[31629,2,64]],"2c331695.258928813":[[32178,2,64]],"2c333525.068848858":[[32175,2,64]],"2c334022.66653137":[[31589,2,64],[31593,2,64],[31596,2,64],[31599,2,64],[31602,2,64],[31605,2,64],[31608,2,64],[31611,2,64],[31614,2,64],[31617,2,64],[31620,2,64],[31623,2,64],[31626,2,64],[32172,2,64]],"2c38edfc12ad4fce9e9c94fe0a436900":[[18379,2,64],[18380,2,64],[18381,2,64],[18382,2,64]],"2c62fc06d99f4e6e80d9c4d2d014d9d2":[[25747,2,64],[25748,2,64],[25749,2,64],[25750,2,64]],"2c77d8dcb5524f44a33a0f925b1f4877":[[16191,2,64],[16192,2,64],[16193,2,64],[16194,2,64]],"2c8a3c2bac514752ae2e9066ca5d8b52":[[9366,2,64],[9367,2,64],[9368,2,64],[9369,2,64],[9370,2,64],[9371,2,64],[9372,2,64],[9373,2,64],[9374,2,64]],"2c8d1e9501504d8881d2c16cede46d80":[[18553,2,64],[18554,2,64],[18555,2,64],[18556,2,64]],"2cbb55663abd4490a5cfb100dfa300e6":[[26818,2,64],[26819,2,64],[26820,2,64],[26821,2,64],[26822,2,64],[26823,2,64],[26824,2,64],[26825,2,64],[26826,2,64]],"2ced9a3a2462432a92c31226e3cd3aa5":[[2952,2,64],[2953,2,64],[2954,2,64],[2955,2,64],[2956,2,64],[2957,2,64],[2958,2,64],[2959,2,64],[2960,2,64]]}}
